<?xml version="1.0" encoding="UTF-8"?>
<project-private xmlns="http://www.netbeans.org/ns/project-private/1">
    <editor-bookmarks xmlns="http://www.netbeans.org/ns/editor-bookmarks/1"/>
    <editor-bookmarks xmlns="http://www.netbeans.org/ns/editor-bookmarks/2" lastBookmarkId="0"/>
    <open-files xmlns="http://www.netbeans.org/ns/projectui-open-files/2">
        <group>
            <file>file:/C:/Users/WINDOWS%2010/Downloads/Rental%20Mobil%20Beta/rental_mobil/src/About_.java</file>
            <file>file:/C:/Users/WINDOWS%2010/Downloads/Rental%20Mobil%20Beta/rental_mobil/src/Form_Peminjam.java</file>
            <file>file:/C:/Users/WINDOWS%2010/Downloads/Rental%20Mobil%20Beta/rental_mobil/src/Form_Pengembalian.java</file>
            <file>file:/C:/Users/WINDOWS%2010/Downloads/Rental%20Mobil%20Beta/rental_mobil/src/Login_server.java</file>
            <file>file:/C:/Users/WINDOWS%2010/Downloads/Rental%20Mobil%20Beta/rental_mobil/src/Home.java</file>
        </group>
    </open-files>
</project-private>
